[
    {
        "question": "What is vishing?",
        "answer": "Vishing, short for \"voice phishing,\" is a type of social engineering attack where scammers use phone calls or voice messages to deceive individuals into sharing sensitive information or performing certain, usually detrimental, actions. \nLink: https://www.fortinet.com/resources/cyberglossary/vishing-attack#:~:text=Contact%20Us,to%20gain%20a%20financial%20advantage."
    },
    {
        "question": "How do vishing attacks work?",
        "answer": "Vishing attacks usually involve the scammer posing as a trustworthy entity, such as a bank representative, government official, or service provider. They oftne use persuasive tactics to manipulate victims into disclosing personal information, such as passwords, credit card details, or other types of personal information. \nLink: https://www.kaspersky.com/resource-center/definitions/vishing"
    },
    {
        "question": "How can I identify a vishing attempt?",
        "answer": "Vishing attempts often involve urgent or alarming messages that create a sense of panic or urgency. Scammers may pretend to address a security issue, account suspension, or offer exclusive deals. Be cautious if you receive unexpected calls requesting personal information or asking you to take immediate actions. \nLink: https://www.kaspersky.com/resource-center/definitions/vishing"
    },
    {
        "question": "What should I do if I suspect a vishing attack?",
        "answer": "If you suspect a vishing attack, it's important to remain calm and not share any personally identifiable or financial information. Hang up the call and independently verify the caller's identity by contacting the official organisation directly using their official phone number or website. Report the incident to your local authorities or the organisation being impersonated. \nLink: https://us.norton.com/blog/online-scams/vishing"
    },
    {
        "question": "How can I protect myself from vishing attacks?",
        "answer": "You can protect yourself by being cautious of unsolicited calls, never sharing sensitive information over the phone unless you initiated it, verifying the identity of the caller independently through official contact detals, keeping your personal information private and avoiding sharing it with unknown callers, regularly monitoring your financial accounts for any unauthorised activity, and considering using call-blocking services of apps to filter out potential vishing calls. \n A suggested website to use: https://www.dnc.gov.sg/index.html"
    },
    {
        "question": "Are there any signs that can help me differentiate between a legitimate call and a vishing attempt?",
        "answer": "Scammers may display some red flags, such as: \n-Requesting immediate action or creating a sense of urgency. \n-Pressuring you to disclose personal information or make payments.\n-Providing vague or inconsistent information. \n-Using threats or intimidation tactics. \n-Requesting payment through unconventional methods, such as gift cards or wire transfers."
    },
    {
        "question": "Can scammers spoof caller ID to make vishing calls appear legitimate?",
        "answer": "Yes, scammers can use caller ID spoofing techniques to make it appear as if the vishing calls are coming from a trusted entity or a legitimate phone number. It's important to remember that caller ID can be manipulated, so it's best if you independently verify the caller's identity."
    },
    {
        "question": "How can scammers obtain my phone number for vishing attacks?",
        "answer": "Scammers could potentially obtain phone numbers through various means, such as data breaches, public directories, social media profiles, or by purchasing lists from third-party sources. It's important to be cautious about sharing your phone number and consider privacy settings on online platforms."
    }
]
