[
    {
      "question": "Q1: Does the caller claim to be from an official organization? (E.g., Police, Bank)"
    },
    {
      "question": "Q2: Does the caller claim you need to act immediately or soon?"
    },
    {
      "question": "Q3: Is the caller asking for your bank details or credit card information?"
    },
    {
      "question": "Q4: Has the caller instructed you to install any software, such as team viewer?"
    },
    {
      "question": "Q5: Has the caller instructed you not to alert anyone, such as authorities and family?"
    },
    {
      "question": "Q6: Did the caller say you won a prize in a competition you haven't partaken in?"
    },
    {
      "question": "Q7: The caller promised to make an investment with a promising return"
    },
    {
      "question": "Q8: The caller claims to have an easy job for you to make fast cash"
    },
    {
      "question": "Q9: Caller claims that this offer is for you exclusively."
    },
    {
      "question": "Q10: Has the caller claimed that your family members are in trouble?"
    },
    {
      "question": "Q11: Does the caller claim to be your long-lost friend?"
    }
]
  